,Model,Train Loss,Validation Loss,Test Accuracy,Test F1-Score
0,LoRA,0.4465,0.4341948330402374,0.842926304464766,0.8116010247510911
